mid,name,type,address,lat,lng,region
1,상계중앙시장,상설장,서울특별시 노원구 상계로 27길 32,37.65994072,127.0698633,서울
2,오이도전통수산시장,상설장,경기도 시흥시 오이도로 167 173,37.34588337,126.6882074,시흥
3,정왕시장,상설장,경기도 시흥시 정왕시장길 51,37.34580179,126.748564,시흥
4,시흥삼미시장,상설장,경기도 시흥시 삼미시장2길 35,37.44040657,126.7838201,시흥
5,시화공구상가,상설장,경기도 시흥시 공단1대로 204,37.33771151,126.7247015,시흥
6,영천시장,상설장,서울특별시 서대문구 통일로 189-1,37.57033385,126.961853,서울
7,청량리수산시장,상설장,서울특별시 동대문구 고산자로34길 48,37.57807246,127.0409472,서울
8,화곡본동시장,상설장,서울특별시 강서구 까치산로 35,37.54286486,126.8441413,서울
9,봉천제일종합시장,상설장,서울특별시 관악구 청룡2길 29,37.48125387,126.944419,서울
10,백련시장,상설장,서울특별시 서대문구 가재울로6길 53-87,37.57700937,126.9231105,서울
11,망원시장,상설장,서울특별시 마포구 망원로8길 7,37.55715742,126.9059507,서울
12,남성사계시장,상설장,서울특별시 동작구 동작대로29길 8,37.48816723,126.9815693,서울
13,답십리현대시장,상설장,서울특별시 동대문구 전농로 4길 38,37.56677553,127.058644,서울
14,은행나무시장,상설장,서울특별시 금천구 금하로25길 9,37.4513186,126.9093496,서울
15,조원동펭귄시장,상설장,서울특별시 관악구 조원로16길 27,37.48314387,126.9114142,서울
16,봉천현대시장,상설장,서울특별시 관악구 양녕로 49,37.48643059,126.946586,서울
17,둔촌역전통시장,상설장,서울특별시 강동구 풍성로58길 34,37.52748326,127.1351577,서울
18,풍납시장,상설장,서울특별시 송파구 바람드리길 15-1,37.53803468,127.1176729,서울
19,포방터시장,상설장,서울특별시 서대문구 포방터길 43,37.5986742,126.9488953,서울
20,대조시장,상설장,서울특별시 은평구 불광로 13,37.60985344,126.9277428,서울
21,용산용문시장,상설장,서울특별시 용산구 효창원로40길 13,37.53661783,126.9597883,서울
22,시화유통상가,상설장,경기도 시흥시 공단1대로 244,37.33533243,126.7284453,시흥
23,방신전통시장,상설장,서울특별시 강서구 방화동로16길32,37.5715067,126.812647,서울
24,등마루시장,상설장,서울특별시 강서구 화곡로68길 120,37.55666129,126.8602626,서울
25,장미원골목시장,상설장,서울특별시 강북구 삼양로 469,37.64512114,127.015478,서울
26,우이시장,상설장,서울특별시 강북구 노해로 23길 68,37.64603946,127.020022,서울
27,수유중앙시장,상설장,서울특별시 강북구 노해로17길 21,37.64033603,127.0211761,서울
28,수유프라자,상설장,서울특별시 강북구 도봉로 261,37.63169515,127.0234508,서울
29,수유전통시장(수유골목시장),상설장,서울특별시 강북구 도봉로67길 18,37.63073125,127.0226688,서울
30,백년시장(강북종합시장과별개의시장) 구 강북종합전통시장,상설장,서울특별시 강북구 한천로144길 12,37.64155145,127.0257426,서울
31,수유재래시장,상설장,서울특별시 강북구 도봉로71길 26,37.63153319,127.0223292,서울
32,수유시장,상설장,서울특별시 강북구 도봉로67길 18,37.63073125,127.0226688,서울
33,고분다리전통시장,상설장,서울특별시 강동구 구천면로34길 13,37.54248857,127.1319259,서울
34,성내전통시장,상설장,서울특별시 강동구 천호대로162길 61,37.53416778,127.1278835,서울
35,명일전통시장,상설장,서울특별시 강동구 양재대로138길 20,37.54952811,127.1449523,서울
36,길동복조리시장,상설장,서울특별시 강동구 천중로52길 37,37.53907794,127.1438005,서울
37,청담삼익시장,상설장,서울특별시 강남구 학동로 101길 26,37.52244687,127.0576251,서울
38,신사상가,상설장,서울특별시 강남구 압구정로29길 72-1,37.53228744,127.028409,서울
39,강남시장,상설장,서울특별시 강남구 압구정로 2길 46,37.51876501,127.020678,서울
40,중곡제일시장(이오상사),상설장,서울특별시 광진구 긴고랑로11길 11,37.56391495,127.0813016,서울
41,신성종합시장(건물형),상설장,서울특별시 광진구 용마산로 50,37.55808066,127.088052,서울
42,광성시장,상설장,서울특별시 광진구 능동로 47길 30,37.56358171,127.0811202,서울
43,능동로골목시장,상설장,서울특별시 광진구 뚝섬로 30길 23,37.53517325,127.0666976,서울
44,조양시장(건물형),상설장,서울특별시 광진구 아차산로 30길 39,37.53899664,127.0674931,서울
45,노룬산시장(건물형),상설장,서울특별시 광진구 뚝섬로 491,37.5364717,127.0648885,서울
46,신림중앙시장,상설장,서울특별시 관악구 조원로16길 27,37.48314387,126.9114142,서울
47,원당종합시장,상설장,서울특별시 관악구 남부순환로248길 35,37.47441435,126.9659151,서울
48,신원시장,상설장,서울특별시 관악구 신원로3길 20-3,37.48206454,126.9273799,서울
49,신림현대종합상가,상설장,서울특별시 관악구 신림로 29길 3-20,37.47462597,126.9338049,서울
50,우림시장,상설장,서울특별시 관악구 난곡로 26길 19,37.47042842,126.9210041,서울
51,관악신사시장,상설장,서울특별시 관악구 관천로19길 89,37.48678805,126.9170747,서울
52,관악종합시장,상설장,서울특별시 관악구 신원로 23,37.4815694,126.9280588,서울
53,봉천중앙시장,상설장,서울특별시 관악구 관악로 211,37.48419585,126.954344,서울
54,인헌시장,상설장,서울특별시 관악구 남부순환로246나길 14,37.47486452,126.9647731,서울
55,봉일시장,상설장,서울특별시 관악구 은천로 28,37.48590008,126.9383891,서울
56,화곡중앙시장,상설장,서울특별시 강서구 월정로 30길 66,37.53488481,126.8395077,서울
57,신월중앙시장,상설장,서울특별시 강서구 강서로 5나길 109,37.52796836,126.8419096,서울
58,남부골목시장,상설장,서울특별시 강서구 등촌로5길 62-4,37.53318098,126.8600236,서울
59,남부화곡시장,상설장,서울특별시 강서구 등촌로5길 80,37.53307159,126.858949,서울
60,까치산시장,상설장,서울특별시 강서구 강서로 12길 14,37.53152613,126.8478644,서울
61,대원종합시장,상설장,서울특별시 강서구 화곡로21길 78(건물형),37.54448531,126.8364885,서울
62,답십리시장,상설장,서울특별시 동대문구 답십리로51길 4-1,37.57315455,127.0586943,서울
63,창동골목시장,상설장,서울특별시 도봉구 덕릉로58길 16,37.63840333,127.0391448,서울
64,창동신창시장,상설장,서울특별시 도봉구 덕릉로 57길 17,37.639431,127.0374459,서울
65,백운시장,상설장,서울특별시 도봉구 삼양로154길 30,37.65549577,127.0148796,서울
66,쌍문시장,상설장,서울특별시 도봉구 도봉로113길 20,37.6483701,127.0329744,서울
67,방학동도깨비시장,상설장,서울특별시 도봉구 도당로13가길 17,37.6659383,127.0362011,서울
68,신도봉시장,상설장,서울특별시 도봉구 도당로19길 68,37.67001862,127.0397055,서울
69,대명여울빛거리시장,상설장,서울특별시 금천구 시흥대로 212,37.45277209,126.9016513,서울
70,비단길현대시장,상설장,서울특별시 금천구 독산로 27길 52,37.45772129,126.9048774,서울
71,별빛남문시장,상설장,서울특별시 금천구 시흥대로 144길 17,37.47374661,126.9004255,서울
72,구로시장,상설장,서울특별시 구로구 구로동로22길 17-4,37.48963599,126.8856144,서울
73,남구로시장,상설장,서울특별시 구로구 구로동로26길 41,37.49020442,126.8864389,서울
74,고척골목시장상점가,상설장,서울특별시 구로구 중앙로10길 8,37.50336999,126.862737,서울
75,고척근린시장,상설장,서울특별시 구로구 고척로 40길 19,37.50195711,126.8511138,서울
76,가리봉시장,상설장,서울특별시 구로구 우마3길 15,37.48167439,126.8890749,서울
77,신성골목시장,상설장,서울특별시 광진구 영화사로 16,37.55776458,127.0890249,서울
78,화양제일골목시장,상설장,서울특별시 광진구 아차산로29길 59,37.54348798,127.0692963,서울
79,중곡제일전통시장(중곡제일시장),상설장,서울특별시 광진구 긴고랑로11길 14,37.56387861,127.081743,서울
80,자양전통시장,상설장,서울특별시 광진구 뚝섬로47길 45-2,37.53438165,127.0791991,서울
81,영동교골목시장,상설장,서울특별시 광진구 동일로10길 47,37.53751723,127.0642105,서울
82,노룬산골목시장,상설장,서울특별시 광진구 뚝섬로25길 6,37.53636333,127.065341,서울
83,한아름시장,상설장,서울특별시 광진구 능동로13길 39,37.54396524,127.0697607,서울
84,연희사러가,상설장,서울특별시 서대문구 연희맛로 23,37.56714756,126.9296631,서울
85,아현시장,상설장,서울특별시 마포구 굴레방로7길 8,37.55640684,126.9550922,서울
86,마포농수산물시장,상설장,서울특별시 마포구 월드컵로 235,37.56519673,126.8984816,서울
87,망원동월드컵시장,상설장,서울특별시 마포구 망원로7길 31,37.55873145,126.9050809,서울
88,마포시장,상설장,서울특별시 마포구 마포대로6길 26-1,37.54514325,126.9538313,서울
89,공덕시장,상설장,서울특별시 마포구 만리재로 19,37.54478749,126.9532661,서울
90,성대전통시장,상설장,서울특별시 동작구 국사봉1길 41,37.4992128,126.9308577,서울
91,성대시장,상설장,서울특별시 동작구 상도로102,37.499747,126.9319148,서울
92,상도전통시장,상설장,서울특별시 동작구 상도로 37길 62,37.49874579,126.9521073,서울
93,남성역골목시장,상설장,서울특별시 동작구 사당로 16가길 19,37.48297561,126.9723106,서울
94,회기시장,상설장,서울특별시 동대문구 회기로25길 11,37.59096898,127.0549831,서울
95,청량리전통시장,상설장,서울특별시 동대문구 경동시장로2길 49-3,37.58061231,127.043609,서울
96,청량리농수산물시장,상설장,서울특별시 동대문구 경동시장로 22,37.58091962,127.0408808,서울
97,청량리청과물시장,상설장,서울특별시 동대문구 왕산로33길 16,37.58021633,127.0424243,서울
98,청량리종합시장,상설장,서울특별시 동대문구 홍릉로 1길 68-3,37.58015373,127.0410276,서울
99,청량종합도매시장(깡통시장),상설장,서울특별시 동대문구 경동시장로30-7,37.58194677,127.0408474,서울
100,동서시장,상설장,서울특별시 동대문구 왕산로33길 13,37.57972118,127.0412198,서울
101,경동시장,상설장,서울특별시 동대문구 고산자로36길 3,37.57903713,127.0391477,서울
102,경동광성상가,상설장,서울특별시 동대문구 고산자로38길 5,37.5801094,127.0388992,서울
103,서울약령시장,상설장,서울특별시 동대문구 약령중앙로26,37.58060041,127.0375866,서울
104,전농로터리시장,상설장,서울특별시 동대문구 전농로 15길 7,37.57814687,127.057034,서울
105,전곡시장,상설장,서울특별시 동대문구 한천로 190,37.57789747,127.0684698,서울
106,답십리건축자재시장,상설장,서울특별시 동대문구 고미술로 49,37.56746274,127.053483,서울
107,신곡종합시장,상설장,서울특별시 양천구 남부순환로79길 37,37.5183654,126.8431968,서울
108,우성상가시장,상설장,서울특별시 양천구 지양로 78,37.52266806,126.8335949,서울
109,목동깨비시장 (목3동시장),상설장,서울특별시 양천구 목동중앙북로6길 5,37.54818867,126.8652236,서울
110,목2동시장,상설장,서울특별시 양천구 목동중앙북로 16길3,37.54602681,126.8738616,서울
111,목사랑시장 (목4동시장),상설장,서울특별시 양천구 목동중앙남로7길 8,37.53762108,126.8662157,서울
112,새마을시장,상설장,서울특별시 송파구 석촌호수로12길 3-9,37.50876138,127.0859863,서울
113,석촌시장,상설장,서울특별시 송파구 송파대로37길 52,37.5001761,127.1065307,서울
114,방이시장,상설장,서울특별시 송파구 가락로 243,37.50995926,127.1178663,서울
115,마천중앙시장,상설장,서울특별시 송파구 마천로45길 14,37.49720945,127.1501548,서울
116,마천시장,상설장,서울특별시 송파구 마천로45길 29,37.49837418,127.1508638,서울
117,정릉시장,상설장,서울특별시 성북구 보국문로11길 18-19 (정릉시장 고객편의시설),37.60946076,127.0090604,서울
118,정릉아리랑시장,상설장,서울특별시 성북구 정릉로26가길 32,37.60281126,127.0112339,서울
119,장위전통시장,상설장,서울특별시 성북구 장위로38길 46-1,37.61128809,127.051034,서울
120,돌곶이시장(구 석관황금시장),상설장,서울특별시 성북구 한천로73길 22,37.60977806,127.062234,서울
121,길음시장,상설장,서울특별시 성북구 동소문로 227,37.60278279,127.0215958,서울
122,용답상가시장,상설장,서울특별시 성동구 용답중앙길 59,37.56417453,127.0525299,서울
123,뚝도시장,상설장,서울특별시 성동구 성수이로 32-15,37.53780127,127.0548196,서울
124,마장축산물시장,상설장,서울특별시 성동구 마장로35길 68,37.57068419,127.0412827,서울
125,금남시장,상설장,서울특별시 성동구 금호산2길 32,37.54862374,127.02304,서울
126,양재시장,상설장,서울특별시 서초구 남부순환로356길 15,37.48430625,127.0379675,서울
127,남부종합시장,상설장,서울특별시 서초구 방배중앙로 27길 17,37.49499219,126.9848583,서울
128,인왕시장,상설장,서울특별시 서대문구 인왕시장길 36,37.59139941,126.9439326,서울
129,유진상가,상설장,서울특별시 서대문구 홍은동 통일로 484,37.59159869,126.9429557,서울
130,광장시장,상설장,서울특별시 종로구 창경궁로 88,37.57011251,126.9997072,서울
131,신설종합시장,상설장,서울특별시 종로구 난계로27길 51,37.57266283,127.0203419,서울
132,대림골목시장,상설장,서울특별시 은평구 응암로 12길 8,37.58793463,126.9175061,서울
133,증산종합시장,상설장,서울특별시 은평구 증산로3길 12,37.58145616,126.9050711,서울
134,신응암시장,상설장,서울특별시 은평구 응암로22길3-1,37.59391806,126.9186943,서울
135,대림시장,상설장+5일장,서울특별시 은평구 응암로4길 22,37.58679054,126.9177451,서울
136,제일시장,상설장,서울특별시 은평구 통일로 731,37.61062032,126.9294636,서울
137,후암시장,상설장,서울특별시 용산구 한강대로104길 77,37.55038071,126.9766339,서울
138,이태원시장,상설장,서울특별시 용산구 이태원로14길 6,37.53382214,126.9900549,서울
139,이촌종합시장,상설장,서울특별시 용산구 이촌로75길 16-9,37.52073732,126.9747853,서울
140,신흥시장,상설장,서울특별시 용산구 신흥로 95-9,37.54531838,126.9850858,서울
141,만리시장,상설장,서울특별시 용산구 효창원로 270,37.55133241,126.963696,서울
142,보광시장,상설장,서울특별시 용산구 보광로 30,37.52719119,127.0002941,서울
143,영신상가,상설장,서울특별시 영등포구 영등포로 225,37.51991925,126.9066537,서울
144,삼구시장,상설장,서울특별시 영등포구 영등포로 219,37.52014379,126.9057597,서울
145,동남상가,상설장,서울특별시 영등포구 영등포로 37길4,37.52059746,126.9056573,서울
146,영일시장,상설장,서울특별시 영등포구 문래로30길 27,37.51613921,126.9007199,서울
147,대림중앙시장,상설장,서울특별시 영등포구 디지털로53길 25-17,37.49190098,126.8995307,서울
148,영등포유통상가,상설장,서울특별시 영등포구 영등포로 109,37.52241744,126.8939303,서울
149,오목교중앙시장,상설장,서울특별시 양천구 신목로4길 25,37.52026919,126.8757375,서울
150,신정제일시장,상설장,서울특별시 양천구 중앙로34길 30,37.52084193,126.8536894,서울
151,경창시장,상설장,서울특별시 양천구 오목로9길 31,37.52493227,126.8421197,서울
152,신영시장,상설장,서울특별시 양천구 월정로 161-5,37.53301495,126.836027,서울
153,신중앙시장,상설장,서울특별시 중구 퇴계로85길 36,37.56738265,127.0197632,서울
154,서울중앙시장,상설장,서울특별시 중구 퇴계로85길 36,37.56738265,127.0197632,서울
155,방산종합시장,상설장,서울특별시 중구 동호로37길 20,37.56872723,127.0008037,서울
156,평화시장,상설장,서울특별시 중구 청계천로 274,37.56942974,127.0080481,서울
157,통일상가,상설장,서울특별시 중구 청계천로 260-6,37.56915955,127.006203,서울
158,동화상가,상설장,서울특별시 중구 장충단로13길 34,37.5686099,127.0069161,서울
159,중부시장,상설장,서울특별시 중구 을지로36길 35,37.56506017,127.0019016,서울
160,신중부시장,상설장,서울특별시 중구 을지로30길 29,37.56554672,126.9994114,서울
161,Team204,상설장,서울특별시 중구 마장로 30,37.56771738,127.0131982,서울
162,테크노상가,상설장,서울특별시 중구 마장로1가길 17,37.56884362,127.0132437,서울
163,청평화시장,상설장,서울특별시 중구 청계천로 334,37.5694651,127.0149417,서울
164,제일평화시장,상설장,서울특별시 중구 마장로 13,37.56851044,127.0114021,서울
165,벨포스트,상설장,서울특별시 중구 마장로 19,37.56814098,127.0119871,서울
166,신평화패션타운,상설장,서울특별시 중구 청계천로 298,37.56945652,127.0110704,서울
167,동평화시장,상설장,서울특별시 중구 청계천로 318,37.56933911,127.0137758,서울
168,남평화시장,상설장,서울특별시 중구 장충단로 282-10,37.56917723,127.0108327,서울
169,광희패션몰,상설장,서울특별시 중구 마장로1길 21,37.56867257,127.0119193,서울
170,청계상가,상설장,서울특별시 중구 청계천로 160,37.56797977,126.9953591,서울
171,대림상가,상설장,서울특별시 중구 을지로 157,37.5671459,126.9954271,서울
172,삼익패션타운,상설장,서울특별시 중구 남대문시장8길 7,37.56043619,126.9789484,서울
173,숭례문수입상가,상설장,서울특별시 중구 소월로 3,37.5593725,126.9762097,서울
174,남대문시장,상설장,서울특별시 중구 남대문시장4길 21,37.55918357,126.9776585,서울
175,통인시장,상설장,서울특별시 종로구 자하문로 15길 18,37.5807607,126.9699423,서울
176,동문시장㈜,상설장,서울특별시 종로구 종로44길 14,37.57051095,127.011128,서울
177,동대문종합시장 신관(동대문쇼핑타운),상설장,서울특별시 종로구 종로 272,37.57081727,127.0080936,서울
178,동대문종합시장D동상가,상설장,서울특별시 종로구 종로 266,37.57070019,127.0073238,서울
179,동대문종합시장,상설장,서울특별시 종로구 종로 266,37.57070019,127.0073238,서울
180,한일상가,상설장,서울특별시 종로구 청계천로 229,37.57013275,127.0030223,서울
181,종로신진시장,상설장,서울특별시 종로구 종로38길 16,37.57023179,127.0049467,서울
182,장미제일시장,상설장,서울특별시 중랑구 동일로143길 36,37.60518362,127.0765334,서울
183,태능엔터피아,상설장,서울특별시 중랑구 동일로129길 35,37.59926352,127.0775053,서울
184,신아타운,상설장,서울특별시 중랑구 봉화산로 194,37.60645884,127.0947115,서울
185,동성타워프라자,상설장,서울특별시 중랑구 봉화산로 221,37.60804247,127.0972055,서울
186,중랑교종합상가,상설장,서울특별시 중랑구 망우로 32길 23,37.59294778,127.077121,서울
187,사가정시장,상설장,서울특별시 중랑구 면목로44길 16,37.58108117,127.0893792,서울
188,면목골목시장,상설장,서울특별시 중랑구 사가정로50길 84,37.57749074,127.0844409,서울
189,면목시장,상설장,서울특별시 중랑구 면목로39길 11,37.57954367,127.0862998,서울
190,동원시장,상설장,서울특별시 중랑구 면목로74길 45,37.58983934,127.0898896,서울
191,동원전통종합시장,상설장,서울특별시 중랑구 상봉로11길 27-3,37.58982861,127.0921089,서울
192,중랑동부시장(동부골목시장),상설장,서울특별시 중랑구 동일로109길 31-5,37.59150529,127.0784896,서울
193,우림골목시장,상설장,서울특별시 중랑구 망우로62길 52-4,37.59677029,127.0982661,서울
194,아트프라자,상설장,서울특별시 중구 마장로1길 28,37.56918604,127.0128249,서울
195,자유상가,상설장,서울특별시 중구 남대문로 36,37.56095891,126.9797744,서울
196,황학시장,상설장,서울특별시 중구 퇴계로85길 36,37.56738265,127.0197632,서울
197,연서시장,상설장,서울특별시 은평구 연서로 247,37.6196977,126.9221717,서울
198,돈암시장,상설장,서울특별시 성북구 동소문로18길 18 (돈암제일시장 고객편의센터),37.59153032,127.0159199,서울
199,공릉동도깨비시장,상설장,서울특별시 노원구 동일로180길 37,37.62269001,127.0762455,서울
200,암사종합시장,상설장,서울특별시 강동구 상암로11길 25,37.55085327,127.1288173,서울
